rank,name,name_en,tags,source_id
1,清华大学,Tsinghua University,双一流/985/211,tsinghua-university
2,北京大学,Peking University,双一流/985/211,peking-university
3,浙江大学,Zhejiang University,双一流/985/211,zhejiang-university
4,上海交通大学,Shanghai Jiao Tong University,双一流/985/211,shanghai-jiao-tong-university
5,复旦大学,Fudan University,双一流/985/211,fudan-university
6,南京大学,Nanjing University,双一流/985/211,nanjing-university
7,中国科学技术大学,University of Science and Technology of China,双一流/985/211,university-of-science-and-technology-of-china
8,武汉大学,Wuhan University,双一流/985/211,wuhan-university
9,华中科技大学,Huazhong University of Science and Technology,双一流/985/211,huazhong-university-of-science-and-technology
10,西安交通大学,Xi'an Jiaotong University,双一流/985/211,xian-jiaotong-university
11,北京航空航天大学,Beihang University,双一流/985/211,beihang-university
12,中山大学,Sun Yat-sen University,双一流/985/211,sun-yat-sen-university
13,北京理工大学,Beijing Institute of Technology,双一流/985/211,beijing-institute-of-technology
14,哈尔滨工业大学,Harbin Institute of Technology,双一流/985/211,harbin-institute-of-technology
15,四川大学,Sichuan University,双一流/985/211,sichuan-university
16,东南大学,Southeast University,双一流/985/211,southeast-university
17,中国人民大学,Renmin University of China,双一流/985/211,renmin-university-of-china
18,同济大学,Tongji University,双一流/985/211,tongji-university
19,北京师范大学,Beijing Normal University,双一流/985/211,beijing-normal-university
20,天津大学,Tianjin University,双一流/985/211,tianjin-university
21,西北工业大学,Northwestern Polytechnical University,双一流/985/211,northwestern-polytechnical-university
22,山东大学,Shandong University,双一流/985/211,shandong-university
23,南开大学,Nankai University,双一流/985/211,nankai-university
24,厦门大学,Xiamen University,双一流/985/211,xiamen-university
25,中国农业大学,China Agricultural University,双一流/985/211,china-agricultural-university
26,吉林大学,Jilin University,双一流/985/211,jilin-university
27,中南大学,Central South University,双一流/985/211,central-south-university
28,大连理工大学,Dalian University of Technology,双一流/985/211,dalian-university-of-technology
29,湖南大学,Hunan University,双一流/985/211,hunan-university
30,华东师范大学,East China Normal University,双一流/985/211,east-china-normal-university
31,华南理工大学,South China University of Technology,双一流/985/211,south-china-university-of-technology
32,南方科技大学,Southern University of Science and Technology,双一流,southern-university-of-science-and-technology
33,电子科技大学,University of Electronic Science and Technology of China,双一流/985/211,university-of-electronic-science-and-technology-of-china
34,重庆大学,Chongqing University,双一流/985/211,chongqing-university
35,北京科技大学,University of Science and Technology Beijing,双一流/211,university-of-science-and-technology-beijing
36,南京航空航天大学,Nanjing University of Aeronautics and Astronautics,双一流/211,nanjing-university-of-aeronautics-and-astronautics
37,东北大学,Northeastern University,双一流/985/211,northeastern-university
38,南京理工大学,Nanjing University of Science and Technology,双一流/211,nanjing-university-of-science-and-technology
39,兰州大学,Lanzhou University,双一流/985/211,lanzhou-university
40,西安电子科技大学,Xidian University,双一流/211,xidian-university
41,上海科技大学,ShanghaiTech University,双一流,shanghaitech-university
42,北京交通大学,Beijing Jiaotong University,双一流/211,beijing-jiaotong-university
43,哈尔滨工程大学,Harbin Engineering University,双一流/211,harbin-engineering-university
44,华东理工大学,East China University of Science and Technology,双一流/211,east-china-university-of-science-and-technology
45,东北师范大学,Northeast Normal University,双一流/211,northeast-normal-university
46,苏州大学,Soochow University,双一流/211,soochow-university-china
47,华中农业大学,Huazhong Agricultural University,双一流/211,huazhong-agricultural-university
48,武汉理工大学,Wuhan University of Technology,双一流/211,wuhan-university-of-technology
48,中国石油大学（北京）,"China University of Petroleum, Beijing",双一流/211,china-university-of-petroleum-beijing
50,郑州大学,Zhengzhou University,双一流/211,zhengzhou-university
51,江南大学,Jiangnan University,双一流/211,jiangnan-university
52,西南交通大学,Southwest Jiaotong University,双一流/211,southwest-jiaotong-university
53,南京农业大学,Nanjing Agricultural University,双一流/211,nanjing-agricultural-university
54,中国地质大学（武汉）,China University of Geosciences,双一流/211,china-university-of-geosciences-wuhan
55,暨南大学,Jinan University,双一流/211,jinan-university
56,华中师范大学,Central China Normal University,双一流/211,central-china-normal-university
56,中国海洋大学,Ocean University of China,双一流/985/211,ocean-university-of-china
58,南京师范大学,Nanjing Normal University,双一流/211,nanjing-normal-university
59,中国矿业大学,China University of Mining and Technology,双一流/211,china-university-of-mining-and-technology-xuzhou
60,北京邮电大学,Beijing University of Posts and Telecommunications,双一流/211,beijing-university-of-posts-and-telecommunications
61,上海大学,Shanghai University,双一流/211,shanghai-university
62,浙江工业大学,Zhejiang University of Technology,,zhejiang-university-of-technology
63,北京化工大学,Beijing University of Chemical Technology,双一流/211,beijing-university-of-chemical-technology
64,河海大学,Hohai University,双一流/211,hohai-university
65,陕西师范大学,Shaanxi Normal University,双一流/211,shaanxi-normal-university
66,西南大学,Southwest University,双一流/211,southwest-university
67,中国石油大学（华东）,China University of Petroleum (East China),双一流/211,china-university-of-petroleum-huadong
68,深圳大学,Shenzhen University,,shenzhen-university
69,云南大学,Yunnan University,双一流/211,yunnan-university
70,西北大学,Northwest University,双一流/211,northwest-university
71,西北农林科技大学,Northwest A&F University,双一流/985/211,northwest-a-f-university
72,北京工业大学,Beijing University of Technology,双一流/211,beijing-university-of-technology
73,南昌大学,Nanchang University,双一流/211,nanchang-university
74,东华大学,Donghua University,双一流/211,donghua-university
75,中国地质大学（北京）,China University of Geosciences Beijing,双一流/211,china-university-of-geosciences-beijing
76,中国矿业大学（北京）,China University of Mining & Technology-Beijing,双一流/211,china-university-of-mining-and-technology-beijing
77,福州大学,Fuzhou University,双一流/211,fuzhou-university
78,宁波大学,Ningbo University,双一流,ningbo-university
79,合肥工业大学,Hefei University of Technology,双一流/211,hefei-university-of-technology
80,华南师范大学,South China Normal University,双一流/211,south-china-normal-university
81,南京邮电大学,Nanjing University of Posts and Telecommunications,双一流,nanjing-university-of-posts-and-telecommunications
82,江苏大学,Jiangsu University,,jiangsu-university
83,华北电力大学,North China Electric Power University,双一流/211,north-china-electric-power-university
84,长安大学,Chang'an University,双一流/211,changan-university
85,北京林业大学,Beijing Forestry University,双一流/211,beijing-forestry-university
86,贵州大学,Guizhou University,双一流/211,guizhou-university
87,福建师范大学,Fujian Normal University,,fujian-normal-university
88,湖南师范大学,Hunan Normal University,双一流/211,hunan-normal-university
89,广西大学,Guangxi University,双一流/211,guangxi-university
90,南京林业大学,Nanjing Forestry University,双一流,nanjing-forestry-university
91,扬州大学,Yangzhou University,,yangzhou-university
92,浙江师范大学,Zhejiang Normal University,,zhejiang-normal-university
93,海南大学,Hainan University,双一流/211,hainan-university
94,南京工业大学,Nanjing Tech University,,nanjing-tech-university
95,南京信息工程大学,Nanjing University of Information Science & Technology,双一流,nanjing-university-of-information-science-technology
96,广东工业大学,Guangdong University of Technology,,guangdong-university-of-technology
97,杭州电子科技大学,Hangzhou Dianzi University,,hangzhou-dianzi-university
98,安徽大学,Anhui University,双一流/211,anhui-university
99,首都师范大学,Capital Normal University,双一流,capital-normal-university
100,华南农业大学,South China Agricultural University,双一流,south-china-agricultural-university
