"rank","name","name_en","tags","source_id"
"1","清华大学","Tsinghua University","双一流/985/211","tsinghua-university"
"2","北京大学","Peking University","双一流/985/211","peking-university"
"3","浙江大学","Zhejiang University","双一流/985/211","zhejiang-university"
"4","上海交通大学","Shanghai Jiao Tong University","双一流/985/211","shanghai-jiao-tong-university"
"5","复旦大学","Fudan University","双一流/985/211","fudan-university"
"6","南京大学","Nanjing University","双一流/985/211","nanjing-university"
"7","中国科学技术大学","University of Science and Technology of China","双一流/985/211","university-of-science-and-technology-of-china"
"8","武汉大学","Wuhan University","双一流/985/211","wuhan-university"
"9","华中科技大学","Huazhong University of Science and Technology","双一流/985/211","huazhong-university-of-science-and-technology"
"10","西安交通大学","Xi'an Jiaotong University","双一流/985/211","xian-jiaotong-university"
"11","北京航空航天大学","Beihang University","双一流/985/211","beihang-university"
"12","中山大学","Sun Yat-sen University","双一流/985/211","sun-yat-sen-university"
"13","北京理工大学","Beijing Institute of Technology","双一流/985/211","beijing-institute-of-technology"
"14","哈尔滨工业大学","Harbin Institute of Technology","双一流/985/211","harbin-institute-of-technology"
"15","四川大学","Sichuan University","双一流/985/211","sichuan-university"
"16","东南大学","Southeast University","双一流/985/211","southeast-university"
"17","中国人民大学","Renmin University of China","双一流/985/211","renmin-university-of-china"
"18","同济大学","Tongji University","双一流/985/211","tongji-university"
"19","北京师范大学","Beijing Normal University","双一流/985/211","beijing-normal-university"
"20","天津大学","Tianjin University","双一流/985/211","tianjin-university"
"21","西北工业大学","Northwestern Polytechnical University","双一流/985/211","northwestern-polytechnical-university"
"22","山东大学","Shandong University","双一流/985/211","shandong-university"
"23","南开大学","Nankai University","双一流/985/211","nankai-university"
"24","厦门大学","Xiamen University","双一流/985/211","xiamen-university"
"25","中国农业大学","China Agricultural University","双一流/985/211","china-agricultural-university"
"26","吉林大学","Jilin University","双一流/985/211","jilin-university"
"27","中南大学","Central South University","双一流/985/211","central-south-university"
"28","大连理工大学","Dalian University of Technology","双一流/985/211","dalian-university-of-technology"
"29","湖南大学","Hunan University","双一流/985/211","hunan-university"
"30","华东师范大学","East China Normal University","双一流/985/211","east-china-normal-university"
"31","华南理工大学","South China University of Technology","双一流/985/211","south-china-university-of-technology"
"32","南方科技大学","Southern University of Science and Technology","双一流","southern-university-of-science-and-technology"
"33","电子科技大学","University of Electronic Science and Technology of China","双一流/985/211","university-of-electronic-science-and-technology-of-china"
"34","重庆大学","Chongqing University","双一流/985/211","chongqing-university"
"35","北京科技大学","University of Science and Technology Beijing","双一流/211","university-of-science-and-technology-beijing"
"36","南京航空航天大学","Nanjing University of Aeronautics and Astronautics","双一流/211","nanjing-university-of-aeronautics-and-astronautics"
"37","东北大学","Northeastern University","双一流/985/211","northeastern-university"
"38","南京理工大学","Nanjing University of Science and Technology","双一流/211","nanjing-university-of-science-and-technology"
"39","兰州大学","Lanzhou University","双一流/985/211","lanzhou-university"
"40","西安电子科技大学","Xidian University","双一流/211","xidian-university"
"41","上海科技大学","ShanghaiTech University","双一流","shanghaitech-university"
"42","北京交通大学","Beijing Jiaotong University","双一流/211","beijing-jiaotong-university"
"43","哈尔滨工程大学","Harbin Engineering University","双一流/211","harbin-engineering-university"
"44","华东理工大学","East China University of Science and Technology","双一流/211","east-china-university-of-science-and-technology"
"45","东北师范大学","Northeast Normal University","双一流/211","northeast-normal-university"
"46","苏州大学","Soochow University","双一流/211","soochow-university-china"
"47","华中农业大学","Huazhong Agricultural University","双一流/211","huazhong-agricultural-university"
"48","武汉理工大学","Wuhan University of Technology","双一流/211","wuhan-university-of-technology"
"48","中国石油大学（北京）","China University of Petroleum, Beijing","双一流/211","china-university-of-petroleum-beijing"
"50","郑州大学","Zhengzhou University","双一流/211","zhengzhou-university"
"51","江南大学","Jiangnan University","双一流/211","jiangnan-university"
"52","西南交通大学","Southwest Jiaotong University","双一流/211","southwest-jiaotong-university"
"53","南京农业大学","Nanjing Agricultural University","双一流/211","nanjing-agricultural-university"
"54","中国地质大学（武汉）","China University of Geosciences","双一流/211","china-university-of-geosciences-wuhan"
"55","暨南大学","Jinan University","双一流/211","jinan-university"
"56","华中师范大学","Central China Normal University","双一流/211","central-china-normal-university"
"56","中国海洋大学","Ocean University of China","双一流/985/211","ocean-university-of-china"
"58","南京师范大学","Nanjing Normal University","双一流/211","nanjing-normal-university"
"59","中国矿业大学","China University of Mining and Technology","双一流/211","china-university-of-mining-and-technology-xuzhou"
"60","北京邮电大学","Beijing University of Posts and Telecommunications","双一流/211","beijing-university-of-posts-and-telecommunications"
"61","上海大学","Shanghai University","双一流/211","shanghai-university"
"62","浙江工业大学","Zhejiang University of Technology","","zhejiang-university-of-technology"
"63","北京化工大学","Beijing University of Chemical Technology","双一流/211","beijing-university-of-chemical-technology"
"64","河海大学","Hohai University","双一流/211","hohai-university"
"65","陕西师范大学","Shaanxi Normal University","双一流/211","shaanxi-normal-university"
"66","西南大学","Southwest University","双一流/211","southwest-university"
"67","中国石油大学（华东）","China University of Petroleum (East China)","双一流/211","china-university-of-petroleum-huadong"
"68","深圳大学","Shenzhen University","","shenzhen-university"
"69","云南大学","Yunnan University","双一流/211","yunnan-university"
"70","西北大学","Northwest University","双一流/211","northwest-university"
"71","西北农林科技大学","Northwest A&F University","双一流/985/211","northwest-a-f-university"
"72","北京工业大学","Beijing University of Technology","双一流/211","beijing-university-of-technology"
"73","南昌大学","Nanchang University","双一流/211","nanchang-university"
"74","东华大学","Donghua University","双一流/211","donghua-university"
"75","中国地质大学（北京）","China University of Geosciences Beijing","双一流/211","china-university-of-geosciences-beijing"
"76","中国矿业大学（北京）","China University of Mining & Technology-Beijing","双一流/211","china-university-of-mining-and-technology-beijing"
"77","福州大学","Fuzhou University","双一流/211","fuzhou-university"
"78","宁波大学","Ningbo University","双一流","ningbo-university"
"79","合肥工业大学","Hefei University of Technology","双一流/211","hefei-university-of-technology"
"80","华南师范大学","South China Normal University","双一流/211","south-china-normal-university"
"81","南京邮电大学","Nanjing University of Posts and Telecommunications","双一流","nanjing-university-of-posts-and-telecommunications"
"82","江苏大学","Jiangsu University","","jiangsu-university"
"83","华北电力大学","North China Electric Power University","双一流/211","north-china-electric-power-university"
"84","长安大学","Chang'an University","双一流/211","changan-university"
"85","北京林业大学","Beijing Forestry University","双一流/211","beijing-forestry-university"
"86","贵州大学","Guizhou University","双一流/211","guizhou-university"
"87","福建师范大学","Fujian Normal University","","fujian-normal-university"
"88","湖南师范大学","Hunan Normal University","双一流/211","hunan-normal-university"
"89","广西大学","Guangxi University","双一流/211","guangxi-university"
"90","南京林业大学","Nanjing Forestry University","双一流","nanjing-forestry-university"
"91","扬州大学","Yangzhou University","","yangzhou-university"
"92","浙江师范大学","Zhejiang Normal University","","zhejiang-normal-university"
"93","海南大学","Hainan University","双一流/211","hainan-university"
"94","南京工业大学","Nanjing Tech University","","nanjing-tech-university"
"95","南京信息工程大学","Nanjing University of Information Science & Technology","双一流","nanjing-university-of-information-science-technology"
"96","广东工业大学","Guangdong University of Technology","","guangdong-university-of-technology"
"97","杭州电子科技大学","Hangzhou Dianzi University","","hangzhou-dianzi-university"
"98","安徽大学","Anhui University","双一流/211","anhui-university"
"99","首都师范大学","Capital Normal University","双一流","capital-normal-university"
"100","华南农业大学","South China Agricultural University","双一流","south-china-agricultural-university"
"101","山西大学","Shanxi University","双一流","shanxi-university"
"102","河南大学","Henan University","双一流","henan-university"
"103","太原理工大学","Taiyuan University of Technology","双一流/211","taiyuan-university-of-technology"
"104","山东师范大学","Shandong Normal University","","shandong-normal-university"
"105","广州大学","Guangzhou University","","guangzhou-university"
"106","浙江理工大学","Zhejiang Sci-Tech University","","zhejiang-sci-tech-university"
"107","湘潭大学","Xiangtan University","双一流","xiangtan-university"
"108","上海理工大学","University of Shanghai for Science and Technology","","university-of-shanghai-for-science-and-technology"
"109","河北工业大学","Hebei University of Technology","双一流/211","hebei-university-of-technology"
"110","大连海事大学","Dalian Maritime University","双一流/211","dalian-maritime-university"
"111","青岛大学","Qingdao University","","qingdao-university"
"112","燕山大学","Yanshan University","","yanshan-university"
"113","东北林业大学","Northeast Forestry University","双一流/211","northeast-forestry-university-china"
"114","杭州师范大学","Hangzhou Normal University","","hangzhou-normal-university"
"115","西安建筑科技大学","Xi'an University of Architecture and Technology","","xian-university-of-architecture-and-technology"
"116","湖北大学","Hubei University","","hubei-university"
"117","昆明理工大学","Kunming University of Science and Technology","","kunming-university-of-science-and-technology"
"118","内蒙古大学","Inner Mongolia University","双一流/211","inner-mongolia-university"
"119","西安理工大学","Xi'an University of Technology","","xian-university-of-technology"
"120","武汉科技大学","Wuhan University of Science and Technology","","wuhan-university-of-science-and-technology"
"121","江西师范大学","Jiangxi Normal University","","jiangxi-normal-university"
"122","东北农业大学","Northeast Agricultural University","双一流/211","northeast-agricultural-university-china"
"122","西南石油大学","Southwest Petroleum University","双一流","southwest-petroleum-university"
"124","上海师范大学","Shanghai Normal University","","shanghai-normal-university"
"125","福建农林大学","Fujian Agriculture and Forestry University","","fujian-agriculture-and-forestry-university"
"126","温州大学","Wenzhou University","","wenzhou-university"
"127","长沙理工大学","Changsha University of Science and Technology","","changsha-university-of-science-and-technology"
"127","新疆大学","Xinjiang University","双一流/211","xinjiang-university"
"129","河北大学","Hebei University","","hebei-university"
"130","山东科技大学","Shandong University of Science and Technology","","shandong-university-of-science-and-technology"
"131","辽宁大学","Liaoning University","双一流/211","liaoning-university"
"132","成都理工大学","Chengdu University of Technology","双一流","chengdu-university-of-technology"
"133","山东农业大学","Shandong Agricultural University","","shandong-agricultural-university"
"134","宁夏大学","Ningxia University","双一流/211","ningxia-university"
"135","华侨大学","Huaqiao University","","huaqiao-university"
"135","陕西科技大学","Shaanxi University of Science and Technology","","shaanxi-university-of-science-and-technology"
"137","天津工业大学","Tiangong University","双一流","tiangong-university"
"138","长春理工大学","Changchun University of Science and Technology","","changchun-university-of-science-and-technology"
"139","安徽师范大学","Anhui Normal University","","anhui-normal-university"
"140","石河子大学","Shihezi University","双一流/211","shihezi-university"
"141","四川农业大学","Sichuan Agricultural University","双一流/211","sichuan-agricultural-university"
"142","天津师范大学","Tianjin Normal University","","tianjin-normal-university"
"143","上海海洋大学","Shanghai Ocean University","双一流","shanghai-ocean-university"
"144","江苏科技大学","Jiangsu University of Science and Technology","","jiangsu-university-of-science-and-technology"
"145","齐鲁工业大学","Qilu University of Technology","","qilu-university-of-technology"
"146","中国计量大学","China Jiliang University","","china-jiliang-university"
"147","黑龙江大学","Heilongjiang University","","heilongjiang-university"
"148","安徽农业大学","Anhui Agricultural University","","anhui-agricultural-university"
"148","湖北工业大学","Hubei University of Technology","","hubei-university-of-technology"
"150","浙江农林大学","Zhejiang A&F University","","zhejiang-a-f-university"
"151","南通大学","Nantong University","","nantong-university"
"152","河南农业大学","Henan Agricultural University","","henan-agricultural-university"
"153","重庆邮电大学","Chongqing University of Posts and Telecommunications","","chongqing-university-of-posts-and-telecommunications"
"154","常州大学","Changzhou University","","changzhou-university"
"155","广西师范大学","Guangxi Normal University","","guangxi-normal-university"
"156","湖南农业大学","Hunan Agricultural University","","hunan-agricultural-university"
"157","曲阜师范大学","Qufu Normal University","","qufu-normal-university"
"158","吉林农业大学","Jilin Agricultural University","","jilin-agricultural-university"
"159","武汉纺织大学","Wuhan Textile University","","wuhan-textile-university"
"160","武汉工程大学","Wuhan Institute of Technology","","wuhan-institute-of-technology"
"161","河南师范大学","Henan Normal University","","henan-normal-university"
"162","天津科技大学","Tianjin University of Science and Technology","","tianjin-university-of-science-and-technology"
"163","辽宁师范大学","Liaoning Normal University","","liaoning-normal-university"
"164","江苏师范大学","Jiangsu Normal University","","jiangsu-normal-university"
"165","北京建筑大学","Beijing University of Civil Engineering and Architecture","","beijing-university-of-civil-engineering-and-architecture"
"166","汕头大学","Shantou University","","shantou-university"
"167","集美大学","Jimei University","","jimei-university"
"168","青岛科技大学","Qingdao University of Science and Technology","","qingdao-university-of-science-and-technology"
"168","三峡大学","China Three Gorges University","","china-three-gorges-university"
"168","延边大学","Yanbian University","双一流/211","yanbian-university"
"171","沈阳农业大学","Shenyang Agricultural University","","shenyang-agricultural-university"
"172","河南科技大学","Henan University of Science and Technology","","henan-university-of-science-and-technology"
"173","中北大学","North University of China","","north-university-of-china"
"174","济南大学","University of Jinan","","university-of-jinan"
"175","华东交通大学","East China Jiaotong University","","east-china-jiaotong-university"
"176","上海海事大学","Shanghai Maritime University","","shanghai-maritime-university"
"177","南昌航空大学","Nanchang Hangkong University","","nanchang-hangkong-university"
"178","河北师范大学","Hebei Normal University","","hebei-normal-university"
"179","西北师范大学","Northwest Normal University","","northwest-normal-university-china"
"180","天津理工大学","Tianjin University of Technology","","tianjin-university-of-technology"
"181","湖南科技大学","Hunan University of Science and Technology","","hunan-university-of-science-and-technology"
"182","国际关系学院","University of International Relations","","university-of-international-relations"
"183","沈阳航空航天大学","Shenyang Aerospace University","","shenyang-aerospace-university"
"184","河南理工大学","Henan Polytechnic University","","henan-polytechnic-university"
"185","长江大学","Yangtze University","","yangtze-university"
"186","上海电力大学","Shanghai University of Electric Power","","shanghai-university-of-electric-power"
"187","南华大学","University of South China","","university-of-south-china"
"187","沈阳工业大学","Shenyang University of Technology","","shenyang-university-of-technology"
"189","重庆交通大学","Chongqing Jiaotong University","","chongqing-jiaotong-university"
"190","安徽工业大学","Anhui University of Technology","","anhui-university-of-technology"
"190","江西理工大学","Jiangxi University of Science and Technology","","jiangxi-university-of-science-and-technology"
"192","西安科技大学","Xi'an University of Science and Technology","","xian-university-of-science-and-technology"
"193","安徽理工大学","Anhui University of Science and Technology","","anhui-university-of-science-and-technology"
"194","山东理工大学","Shandong University of Technology","","shandong-university-of-technology"
"195","西藏大学","Tibet University","双一流/211","tibet-university"
"196","江西农业大学","Jiangxi Agricultural University","","jiangxi-agricultural-university"
"197","河北农业大学","Hebei Agricultural University","","hebei-agricultural-university"
"198","青海大学","Qinghai University","双一流/211","qinghai-university"
"199","兰州理工大学","Lanzhou University of Technology","","lanzhou-university-of-technology"
"200","西安邮电大学","Xi'an University of Posts and Telecommunications","","xian-university-of-posts-and-telecommunications"
"201","桂林电子科技大学","Guilin University of Electronic Technology","","guilin-university-of-electronic-technology"
"201","四川师范大学","Sichuan Normal University","","sichuan-normal-university"
"203","云南师范大学","Yunnan Normal University","","yunnan-normal-university"
"204","北京信息科技大学","Beijing Information Science & Technology University","","beijing-information-science-technology-university"
"205","烟台大学","Yantai University","","yantai-university"
"206","苏州科技大学","Suzhou University of Science and Technology","","suzhou-university-of-science-and-technology"
"207","中南林业科技大学","Central South University of Forestry & Technology","","central-south-university-of-forestry-technology"
"208","西南科技大学","Southwest University of Science and Technology","","southwest-university-of-science-and-technology"
"209","兰州交通大学","Lanzhou Jiaotong University","","lanzhou-jiaotong-university"
"210","青岛理工大学","Qingdao University of Technology","","qingdao-university-of-technology"
"211","湖州师范学院","Huzhou University","","huzhou-university"
"212","西安工业大学","Xi'an Technological University","","xian-technological-university"
"213","哈尔滨师范大学","Harbin Normal University","","harbin-normal-university"
"214","东华理工大学","East China University of Technology","","east-china-university-of-technology"
"215","北方工业大学","North China University of Technology","","north-china-university-of-technology"
"216","北京电子科技学院","Beijing Electronic Science and Technology Institute","","beijing-electronic-science-and-technology-institute"
"217","东北石油大学","Northeast Petroleum University","","northeast-petroleum-university"
"218","重庆师范大学","Chongqing Normal University","","chongqing-normal-university"
"219","沈阳建筑大学","Shenyang Jianzhu University","","shenyang-jianzhu-university"
"220","内蒙古农业大学","Inner Mongolia Agricultural University","","inner-mongolia-agricultural-university"
"221","内蒙古师范大学","Inner Mongolia Normal University","","inner-mongolia-normal-university"
"222","大连工业大学","Dalian Polytechnic University","","dalian-polytechnic-university"
"223","石家庄铁道大学","Shijiazhuang Tiedao University","","shijiazhuang-tiedao-university"
"224","河南工业大学","Henan University of Technology","","henan-university-of-technology"
"225","嘉兴大学","Jiaxing University","","jiaxing-university"
"226","海南师范大学","Hainan Normal University","","hainan-normal-university"
"227","山西农业大学","Shanxi Agricultural University","","shanxi-agricultural-university"
"228","青岛农业大学","Qingdao Agricultural University","","qingdao-agricultural-university"
"229","东北电力大学","Northeast Electric Power University","","northeast-electric-power-university"
"229","浙江海洋大学","Zhejiang Ocean University","","zhejiang-ocean-university"
"231","浙江科技大学","Zhejiang University of Science and Technology","","zhejiang-university-of-science-and-technology"
"232","成都大学","Chengdu University","","chengdu-university"
"233","哈尔滨理工大学","Harbin University of Science and Technology","","harbin-university-of-science-and-technology"
"234","上海工程技术大学","Shanghai University of Engineering Science","","shanghai-university-of-engineering-science"
"235","西安石油大学","Xi'an Shiyou University","","xian-shiyou-university"
"236","上海应用技术大学","Shanghai Institute of Technology","","shanghai-institute-of-technology"
"237","贵州师范大学","Guizhou Normal University","","guizhou-normal-university"
"238","河北科技大学","Hebei University of Science and Technology","","hebei-university-of-science-and-technology"
"239","佛山大学","Foshan University","","foshan-university"
"240","青海师范大学","Qinghai Normal University","","qinghai-normal-university"
"241","甘肃农业大学","Gansu Agricultural University","","gansu-agricultural-university"
"242","东莞理工学院","Dongguan University of Technology","","dongguan-university-of-technology"
"243","中国民航大学","Civil Aviation University of China","","civil-aviation-university-of-china"
"244","重庆理工大学","Chongqing University of Technology","","chongqing-university-of-technology"
"245","华北水利水电大学","North China University of Water Resources and Electric Power","","north-china-university-of-water-resources-and-electric-power"
"246","武汉轻工大学","Wuhan Polytechnic University","","wuhan-polytechnic-university"
"247","鲁东大学","Ludong University","","ludong-university"
"248","赣南师范大学","Gannan Normal University","","gannan-normal-university"
"249","山东建筑大学","Shandong Jianzhu University","","shandong-jianzhu-university"
"250","江汉大学","Jianghan University","","jianghan-university"
"251","浙大城市学院","Hangzhou City University","","zhejiang-university-city-college"
"252","聊城大学","Liaocheng University","","liaocheng-university"
"253","沈阳化工大学","Shenyang University of Chemical Technology","","shenyang-university-of-chemical-technology"
"254","桂林理工大学","Guilin University of Technology","","guilin-university-of-technology"
"255","成都信息工程大学","Chengdu University of Information Technology","","chengdu-university-of-information-technology"
"256","西安工程大学","Xi'an Polytechnic University","","xian-polytechnic-university"
"256","郑州轻工业大学","Zhengzhou University of Light Industry","","zhengzhou-university-of-light-industry"
"258","安徽工程大学","Anhui Polytechnic University","","anhui-polytechnic-university"
"258","西华师范大学","China West Normal University","","china-west-normal-university"
"260","大连交通大学","Dalian Jiaotong University","","dalian-jiaotong-university"
"261","南京工程学院","Nanjing Institute of Technology","","nanjing-institute-of-technology"
"262","上海海关学院","Shanghai Customs College","","shanghai-customs-college"
"263","辽宁石油化工大学","Liaoning Petrochemical University","","liaoning-shihua-university"
"264","沈阳理工大学","Shenyang Ligong University","","shenyang-ligong-university"
"265","绍兴文理学院","Shaoxing University","","shaoxing-university"
"266","延安大学","Yan'an University","","yanan-university"
"267","内蒙古工业大学","Inner Mongolia University of Technology","","inner-mongolia-university-of-technology"
"267","沈阳大学","Shenyang University","","shenyang-university"
"269","厦门理工学院","Xiamen University of Technology","","xiamen-university-of-technology"
"270","西华大学","Xihua University","","xihua-university"
"271","长春工业大学","Changchun University of Technology","","changchun-university-of-technology"
"272","沈阳师范大学","Shenyang Normal University","","shenyang-normal-university"
"273","大连大学","Dalian University","","dalian-university"
"273","华北理工大学","North China University of Science and Technology","","north-china-university-of-science-and-technology"
"275","安徽建筑大学","Anhui Jianzhu University","","anhui-jianzhu-university"
"276","湖南工业大学","Hunan University of Technology","","hunan-university-of-technology"
"277","井冈山大学","Jinggangshan University","","jinggangshan-university"
"278","山西师范大学","Shanxi Normal University","","shanxi-normal-university"
"279","辽宁工程技术大学","Liaoning Technical University","","liaoning-technical-university"
"280","北京农学院","Beijing University of Agriculture","","beijing-university-of-agriculture"
"281","浙大宁波理工学院","NingboTech University","","ningbotech-university"
"282","福建理工大学","Fujian University of Technology","","fujian-university-of-technology"
"283","常熟理工学院","Changshu Institute of Technology","","changshu-institute-of-technology"
"284","中原工学院","Zhongyuan University of Technology","","zhongyuan-university-of-technology"
"285","合肥大学","Hefei University","","hefei-university"
"286","重庆科技大学","Chongqing University of Science and Technology","","chongqing-university-of-science-and-technology"
"287","渤海大学","Bohai University","","bohai-university"
"288","云南农业大学","Yunnan Agricultural University","","yunnan-agricultural-university"
"289","台州学院","Taizhou University","","taizhou-university-tzc"
"290","大理大学","Dali University","","dali-university"
"291","太原科技大学","Taiyuan University of Science and Technology","","taiyuan-university-of-science-and-technology"
"292","黑龙江八一农垦大学","Heilongjiang Bayi Agricultural University","","heilongjiang-bayi-agricultural-university"
"293","宁波工程学院","Ningbo University of Technology","","ningbo-university-of-technology"
"294","深圳技术大学","Shenzhen Technology University","","shenzhen-technology-university"
"295","河北工程大学","Hebei University of Engineering","","hebei-university-of-engineering"
"296","辽宁科技大学","University of Science and Technology Liaoning","","university-of-science-and-technology-liaoning"
"297","北京联合大学","Beijing Union University","","beijing-union-university"
"297","北京石油化工学院","Beijing Institute of Petrochemical Technology","","beijing-institute-of-petrochemical-technology"
"299","新疆农业大学","Xinjiang Agricultural University","","xinjiang-agricultural-university"
"300","吉首大学","Jishou University","","jishou-university"
"300","辽宁工业大学","Liaoning University of Technology","","liaoning-university-of-technology"
"302","北京印刷学院","Beijing Institute of Graphic Communication","","beijing-institute-of-graphic-communication"
"303","闽南师范大学","Minnan Normal University","","minnan-normal-university"
"304","淮阴工学院","Huaiyin Institute of Technology","","huaiyin-institute-of-technology"
"305","闽江学院","Minjiang University","","minjiang-university"
"306","广东海洋大学","Guangdong Ocean University","","guangdong-ocean-university"
"307","信阳师范大学","Xinyang Normal University","","xinyang-normal-university"
"308","河北地质大学","Hebei GEO University","","hebei-geo-university"
"309","北华大学","Beihua University","","beihua-university"
"310","吉林师范大学","Jilin Normal University","","jilin-normal-university"
"311","临沂大学","Linyi University","","linyi-university"
"312","淮北师范大学","Huaibei Normal University","","huaibei-normal-university"
"313","大连海洋大学","Dalian Ocean University","","dalian-ocean-university"
"314","南宁师范大学","Nanning Normal University","","guangxi-teachers-education-university"
"315","盐城工学院","Yancheng Institute of Technology","","yancheng-institute-of-technology"
"316","吉林建筑大学","Jilin Jianzhu University","","jilin-jianzhu-university"
"317","无锡学院","Wuxi University","","nanjing-university-of-information-science-and-technology-binjiang-college"
"318","塔里木大学","Tarim University","","tarim-university"
"319","广东技术师范大学","Guangdong Polytechnic Normal University","","guangdong-polytechnic-normal-university"
"320","长沙学院","Changsha University","","changsha-university"
"321","景德镇陶瓷大学","Jingdezhen Ceramic University","","jingdezhen-ceramic-institute"
"322","河南科技学院","Henan Institute of Science and Technology","","henan-institute-of-science-and-technology"
"322","江苏海洋大学","Jiangsu Ocean University","","huaihai-institute-of-technology"
"324","天津城建大学","Tianjin Chengjian University","","tianjin-chengjian-university"
"325","湖北师范大学","Hubei Normal University","","hubei-normal-university"
"326","贵州师范学院","Guizhou Education University","","guizhou-normal-college"
"327","江西科技师范大学","Jiangxi Science and Technology Normal University","","jiangxi-science-and-technology-normal-university"
"328","西南林业大学","Southwest Forestry University","","southwest-forestry-university"
"329","五邑大学","Wuyi University","","wuyi-university-wyu"
"330","内蒙古科技大学","Inner Mongolia University of Science & Technology","","inner-mongolia-university-of-science-technology"
"331","南京晓庄学院","Nanjing XiaoZhuang University","","nanjing-xiaozhuang-university"
"332","长春师范大学","Changchun Normal University","","changchun-normal-university"
"333","长江师范学院","Yangtze Normal University","","yangtze-normal-university"
"333","重庆文理学院","Chongqing University of Arts and Sciences","","chongqing-university-of-arts-and-science"
"335","新疆师范大学","Xinjiang Normal University","","xinjiang-normal-university"
"336","安庆师范大学","Anqing Normal University","","anqing-normal-university"
"336","淮阴师范学院","Huaiyin Normal University","","huaiyin-normal-university"
"338","浙江万里学院","Zhejiang Wanli University","","zhejiang-wanli-university"
"339","江苏理工学院","Jiangsu University of Technology","","jiangsu-university-of-technology"
"340","上海电机学院","Shanghai Dianji University","","shanghai-dianji-university"
"341","上海第二工业大学","Shanghai Polytechnic University","","shanghai-second-polytechnic-university"
"342","四川轻化工大学","Sichuan University of Science and Engineering","","sichuan-university-of-science-and-engineering"
"343","常州工学院","Changzhou Institute of Technology","","changzhou-institute-of-technology"
"344","湖南理工学院","Hunan Institute of Science and Technology","","hunan-institute-of-science-and-technology"
"345","盐城师范学院","Yancheng Teachers University","","yancheng-teachers-university"
"346","仲恺农业工程学院","Zhongkai University of Agriculture and Engineering","","zhongkai-university-of-agriculture-and-engineering"
"347","湖北汽车工业学院","Hubei University of Automotive Technology","","hubei-university-of-automotive-technology"
"348","广西科技大学","Guangxi University of Science and Technology","","guangxi-university-of-science-and-technology"
"348","黄冈师范学院","Huanggang Normal University","","huanggang-normal-university"
"350","江西水利电力大学","Nanchang Institute of Technology","","jiangxi-university-of-water-resources-and-electric-power"
"351","榆林学院","Yulin University","","yulin-university"
"352","金陵科技学院","Jinling Institute of Technology","","jinling-institute-of-technology"
"352","山东交通学院","Shandong Jiaotong University","","shandong-jiaotong-university"
"354","湖北第二师范学院","Hubei University of Education","","hubei-university-of-education"
"355","徐州工程学院","Xuzhou University of Technology","","xuzhou-institute-of-technology"
"356","天津农学院","Tianjin Agricultural University","","tianjin-agricultural-university"
"357","泉州师范学院","Quanzhou Normal University","","quanzhou-normal-university"
"358","湖北文理学院","Hubei University of Arts and Science","","hubei-university-of-arts-and-science"
"359","洛阳师范学院","Luoyang Normal University","","luoyang-normal-university"
"360","天津职业技术师范大学","TianJin University of Technology and Education","","tianjin-university-of-technology-and-education"
"361","陕西理工大学","Shaanxi University of Technology","","shaanxi-university-of-technology"
"362","湖南第一师范学院","Hunan First Normal University","","hunan-first-normal-university"
"363","合肥师范学院","Hefei Normal University","","hefei-normal-university"
"364","广东石油化工学院","Guangdong University of Petrochemical Technology","","guangdong-university-of-petrochemical-technology"
"365","安徽科技学院","Anhui Science and Technology University","","anhui-science-and-technology-university"
"365","绵阳师范学院","Mianyang Teachers' College","","mianyang-teachers-college"
"367","衢州学院","Quzhou University","","quzhou-university"
"368","贵阳学院","Guiyang University","","guiyang-university"
"369","惠州学院","Huizhou University","","huizhou-university"
"370","三明学院","Sanming University","","sanming-university"
"371","齐齐哈尔大学","Qiqihar University","","qiqihar-university"
"372","重庆三峡学院","Chongqing Three Gorges University","","chongqing-three-gorges-university"
"373","长春工程学院","Changchun Institute of Technology","","changchun-institute-of-technology"
"373","丽水学院","Lishui University","","lishui-university"
"375","衡阳师范学院","Hengyang Normal University","","hengyang-normal-university"
"376","西藏农牧学院","Xizang Agricultural and Animal Husbandry University","","tibet-agriculture-and-animal-husbandry-university"
"377","攀枝花学院","Panzhihua University","","panzhihua-university"
"378","湘南学院","Xiangnan University","","xiangnan-university"
"379","长春大学","Changchun University","","changchun-university"
"379","铜仁学院","Tongren University","","tongren-university"
"381","湖北科技学院","Hubei University of Science and Technology","","hubei-university-of-science-and-technology"
"381","洛阳理工学院","Luoyang Institute of Science and Technology","","luoyang-institute-of-science-and-technology"
"383","中国民用航空飞行学院","Civil Aviation Flight University of China","","civil-aviation-flight-university-of-china"
"384","岭南师范学院","Lingnan Normal University","","lingnan-normal-university"
"385","阜阳师范大学","Fuyang Normal University","","fuyang-normal-university"
"385","佳木斯大学","Jiamusi University","","jiamusi-university"
"385","黔南民族师范学院","Qiannan Normal College for Nationalities","","qiannan-normal-college-for-nationalities"
"385","泰山学院","Taishan University","","taishan-university"
"389","黑龙江科技大学","Heilongjiang University of Science and Technology","","heilongjiang-university-of-science-and-technology"
"390","龙岩学院","Longyan University","","longyan-university"
"391","防灾科技学院","Institute of Disaster Prevention","","institute-of-disaster-prevention"
"392","成都师范学院","Chengdu Normal University","","chengdu-normal-university"
"393","内江师范学院","Neijiang Normal University","","neijiang-normal-university"
"394","滁州学院","Chuzhou University","","chuzhou-university"
"395","湖北理工学院","Hubei Polytechnic University","","hubei-polytechnic-university"
"396","周口师范学院","Zhoukou Normal University","","zhoukou-normal-university"
"397","河北科技师范学院","Hebei Normal University of Science and Technology","","hebei-normal-university-of-science-and-technology"
"397","江苏第二师范学院","Jiangsu Second Normal University","","jiangsu-second-normal-university"
"399","山东航空学院","Shandong University of Aeronautics","","binzhou-university"
"400","怀化学院","Huaihua University","","huaihua-university"
"401","沈阳工程学院","Shenyang Institute of Engineering","","shenyang-institute-of-engineering"
"402","莆田学院","Putian University","","putian-university"
"403","湖南城市学院","Hunan City University","","hunan-city-university"
"404","北华航天工业学院","North China Institute of Aerospace Engineering","","north-china-institute-of-aerospace-engineering"
"405","韶关学院","Shaoguan University","","shaoguan-university"
"406","湖南工程学院","Hunan Institute of Engineering","","hunan-institute-of-engineering"
"407","曲靖师范学院","Qujing Normal University","","qujing-normal-university"
"408","湖南文理学院","Hunan University of Arts and Science","","hunan-university-of-arts-and-science"
"408","浙江水利水电学院","Zhejiang University of Water Resources and Electric Power","","zhejiang-university-of-water-resources-and-electric-power"
"410","潍坊学院","Weifang University","","weifang-university"
"411","宜宾学院","Yibin University","","yibin-university"
"412","德州学院","Dezhou University","","dezhou-university"
"412","皖西学院","West Anhui University","","west-anhui-university"
"414","南阳师范学院","Nanyang Normal University","","nanyang-normal-university"
"415","北部湾大学","Beibu Gulf University","","beibu-gulf-university"
"416","贵州理工学院","Guizhou Institute of Technology","","guizhou-institute-of-technology"
"416","湖南科技学院","Hunan University of Science and Engineering","","hunan-university-of-science-and-engineering"
"418","枣庄学院","Zaozhuang University","","zaozhuang-university"
"419","牡丹江师范学院","Mudanjiang Normal University","","mudanjiang-normal-university"
"420","宿迁学院","Suqian University","","suqian-college"
"421","太原师范学院","Taiyuan Normal University","","taiyuan-normal-university"
"422","邵阳学院","Shaoyang University","","shaoyang-university"
"423","广东第二师范学院","Guangdong University of Education","","guangdong-university-of-education"
"423","玉林师范学院","Yulin Normal University","","yulin-normal-university"
"425","石家庄学院","Shijiazhuang University","","shijiazhuang-university"
"426","通化师范学院","Tonghua Normal University","","tonghua-normal-university"
"426","西安文理学院","Xi'an University","","xian-university"
"428","河南工程学院","Henan University Of Engineering","","henan-university-of-engineering"
"428","肇庆学院","Zhaoqing University","","zhaoqing-university"
"428","遵义师范学院","Zunyi Normal University","","zunyi-normal-university"
"431","黑龙江工程学院","Heilongjiang Institute of Technology","","heilongjiang-institute-of-technology"
"431","昆明学院","Kunming University","","kunming-university"
"433","宁德师范学院","Ningde Normal University","","ningde-normal-university"
"434","南阳理工学院","Nanyang Institute Of Technology","","nanyang-institute-of-technology"
"434","武夷学院","Wuyi University","","wuyi-university-wuyiu"
"436","黄淮学院","Huanghuai University","","huanghuai-university"
"437","宜春学院","Yichun University","","yichun-university"
"438","吉林化工大学","Jilin Institute of Chemical Technology","","jilin-university-of-chemical-technology"
"439","许昌学院","Xuchang University","","xuchang-university"
"440","韩山师范学院","Hanshan Normal University","","hanshan-normal-university"
"440","上饶师范学院","Shangrao Normal University","","shangrao-normal-university"
"442","宝鸡文理学院","Baoji University of Arts and Sciences","","baoji-university-of-arts-and-sciences"
"442","重庆第二师范学院","Chongqing University of Education","","chongqing-university-of-education"
"442","乐山师范学院","Leshan Normal University","","leshan-normal-university"
"445","淮南师范学院","Huainan Normal University","","huainan-normal-university"
"445","温州理工学院","Wenzhou University of Technology","","wenzhou-university-oujiang-college"
"447","安阳师范学院","Anyang Normal University","","anyang-normal-university"
"448","西昌学院","Xichang College","","xichang-college"
"449","广州航海学院","Guangzhou Maritime University","","guangzhou-maritime-university"
"450","河南城建学院","Henan University of Urban Construction","","henan-university-of-urban-construction"
"451","齐鲁师范学院","Qilu Normal University","","qilu-normal-university"
"452","湖州学院","Huzhou College","","huzhou-university-qiuzhen-college"
"453","天水师范学院","Tianshui Normal University","","tianshui-normal-university"
"454","湖南人文科技学院","Hunan University of Humanities, Science and Technology","","hunan-university-of-humanities-science-and-technology"
"454","唐山师范学院","Tangshan Normal University","","tangshan-normal-university"
"456","商丘师范学院","Shangqiu Normal University","","shangqiu-normal-university"
"457","成都工业学院","Chengdu Technological University","","chengdu-technological-university"
"457","六盘水师范学院","Liupanshui Normal University","","liupanshui-normal-university"
"459","巢湖学院","Chaohu University","","chaohu-university"
"460","贺州学院","Hezhou University","","hezhou-university"
"460","内蒙古科技大学包头师范学院","Baotou Teachers' College","","baotou-teachers-college"
"460","平顶山学院","Pingdingshan University","","pingdingshan-university"
"463","南昌师范学院","Nanchang Normal University","","nanchang-normal-university"
"463","渭南师范学院","Weinan Normal University","","weinan-normal-university"
"465","宁夏师范大学","Ningxia Normal University","","ningxia-normal-university"
"466","湖南工学院","Hunan Institute of Technology","","hunan-institute-of-technology"
"467","鞍山师范学院","Anshan Normal University","","anshan-normal-university-liaoning-china"
"468","哈尔滨学院","Harbin University","","harbin-university"
"468","湖北工程学院","Hubei Engineering University","","hubei-engineering-university"
"470","吉林工程技术师范学院","Jilin Engineering Normal University","","jilin-engineering-normal-university"
"471","廊坊师范学院","Langfang Normal University","","langfang-teachers-university"
"472","西安航空学院","Xi'an Aeronautical Institute","","xian-aeronautical-university"
"473","信阳农林学院","Xinyang Agriculture and Forestry University","","xinyang-agriculture-and-forestry-university"
"474","山西大同大学","Shanxi Datong University","","shanxi-datong-university"
"475","黄山学院","Huangshan University","","huangshan-university"
"475","嘉应学院","Jiaying University","","jiaying-university"
"477","福建技术师范学院","Fujian Polytechnic Normal University","","fujian-polytechnic-normal-university"
"478","四川旅游学院","Sichuan Tourism University","","sichuan-tourism-university"
"478","咸阳师范学院","Xianyang Normal University","","xianyang-normal-university"
"480","南京特殊教育师范学院","Nanjing Normal University of Special Education","","nanjing-normal-university-of-special-education"
"480","宿州学院","Suzhou University","","suzhou-university"
"482","凯里学院","Kaili University","","kaili-university"
"483","海南热带海洋学院","Hainan Tropical Ocean University","","hainan-tropical-ocean-university"
"483","九江学院","Jiujiang University","","jiujiang-university"
"485","山东管理学院","Shandong Management University","","shandong-management-university"
"486","玉溪师范学院","Yuxi Normal University","","yuxi-normal-university"
"487","安阳工学院","Anyang Institute of Technology","","anyang-institute-of-technology"
"487","新乡学院","Xinxiang University","","xinxiang-university"
"489","河西学院","HeXi University","","hexi-university"
"490","太原工业学院","Taiyuan Institute of Technology","","taiyuan-institute-of-technology"
"491","山东女子学院","Shandong Women's University","","shandong-womens-university"
"491","伊犁师范大学","Yili Normal University","","yili-normal-university"
"493","河北建筑工程学院","Hebei University of Architecture","","hebei-university-of-architecture"
"494","赤峰学院","Chifeng University","","chifeng-university"
"495","琼台师范学院","Qiongtai Normal University","","qiongtai-normal-university"
"496","陇东学院","Longdong University","","long-dong-university"
"496","苏州城市学院","Suzhou City University","","wenzheng-college-of-soochow-university"
"498","营口理工学院","YingKou Institute of Technology","","yingkou-institute-of-technology"
"499","大庆师范学院","Daqing Normal University","","daqing-normal-university"
"500","华北科技学院","North China Institute of Science and Technology","","north-china-institute-of-science-and-technology"
"500+","阿坝师范学院","ABA TEACHERS COLLEGE","","aba-teachers-university"
"500+","安康学院","Ankang University","","ankang-university"
"500+","安顺学院","Anshun University","","anshun-university"
"500+","白城师范学院","Baicheng Normal University","","baicheng-normal-university"
"500+","百色学院","Baise University","","baise-university"
"500+","保定学院","Baoding University","","baoding-university"
"500+","保山学院","Baoshan University","","baoshan-university"
"500+","蚌埠学院","Bengbu University","","bengbu-university"
"500+","亳州学院","Bozhou University","","bozhou-university"
"500+","沧州师范学院","Cangzhou Normal University","","cangzhou-normal-university"
"500+","昌吉学院","Changji University","","changji-university"
"500+","长沙师范学院","Changsha Normal University","","changsha-normal-university"
"500+","长治学院","Changzhi University","","changzhi-university"
"500+","池州学院","Chizhou University","","chizhou-university"
"500+","楚雄师范学院","Chuxiong Normal University","","chuxiong-normal-university"
"500+","滇西科技师范学院","West Yunnan University","","west-yunnan-university"
"500+","滇西应用技术大学","West Yunnan University of Applied Sciences","","west-yunnan-university-of-applied-sciences"
"500+","鄂尔多斯应用技术学院","Ordos Institute of Technology","","ordos-institute-of-technology"
"500+","赣东学院","East China Institute of Technology, Yangtze River College","","east-china-institute-of-technology-yangtze-river-college"
"500+","赣南科技学院","College of Applied Science, Jiangxi University of Science and Technology","","college-of-applied-science-jiangxi-university-of-science-and-technology"
"500+","甘肃民族师范学院","Gansu Normal University for Nationalities","","gansu-normal-university-for-nationalities"
"500+","广西科技师范学院","Guangxi Science and Technology Normal University","","guangxi-science-and-technology-normal-university"
"500+","广西民族师范学院","Guangxi Normal University for Nationalities","","guangxi-normal-university-for-nationalities"
"500+","广西职业师范学院","Guangxi Vocational Normal University","","guangxi-vocational-normal-university"
"500+","桂林航天工业学院","Guilin University of Aerospace Technology","","guilin-university-of-aerospace-technology"
"500+","贵州工程应用技术学院","Guizhou University of Engineering Science","","guizhou-university-of-engineering-science"
"500+","邯郸学院","Handan University","","handan-college"
"500+","汉江师范学院","Hanjiang Normal University","","hanjiang-normal-university"
"500+","河北环境工程学院","Hebei University of Environmental Engineering","","hebei-university-of-environmental-engineering"
"500+","河北民族师范学院","Hebei Normal University for Nationalities","","hebei-normal-university-for-nationalities"
"500+","河北水利电力学院","Hebei University of Water Resources and Electric Engineering","","hebei-university-of-water-resources-and-electric-engineering"
"500+","河池学院","Hechi University","","hechi-university"
"500+","合肥理工学院","Jianghuai College of Anhui University","","jianghuai-college-of-anhui-university"
"500+","黑河学院","Heihe University","","heihe-university"
"500+","黑龙江工业学院","Heilongjiang University of Technology","","heilongjiang-university-of-technology"
"500+","河南工学院","Henan Institute of Technology","","henan-institute-of-technology"
"500+","河南牧业经济学院","Henan University of Animal Husbandry and Economy","","henan-university-of-animal-husbandry-and-economy"
"500+","衡水学院","Hengshui University","","hengshui-university"
"500+","河套学院","Hetao University","","hetao-college"
"500+","菏泽学院","Heze University","","heze-university"
"500+","红河学院","Honghe University","","honghe-university"
"500+","呼伦贝尔学院","Hulunbuir University","","hulunbuir-university"
"500+","吉林农业科技学院","Jilin Agricultural Science and Technology University","","jilin-agricultural-science-and-technology-university"
"500+","荆楚理工学院","Jingchu University of Technology","","jingchu-university-of-technology"
"500+","景德镇学院","Jingdezhen University","","jingdezhen-university"
"500+","集宁师范学院","Jining Normal University","","jining-normal-university"
"500+","济宁学院","Jining University","","jining-university"
"500+","晋中学院","Jinzhong University","","jinzhong-university"
"500+","喀什大学","Kashi University","","kashi-university"
"500+","兰州城市学院","Lanzhou City University","","lanzhou-city-university"
"500+","兰州工业学院","Lanzhou Institute of Technology","","lanzhou-institute-of-technology"
"500+","兰州文理学院","Lanzhou University of Arts and Science","","lanzhou-university-of-arts-and-science"
"500+","辽东学院","Liaodong University","","eastern-liaoning-university"
"500+","辽宁科技学院","Liaoning Institute of Science and Technology","","liaoning-institute-of-science-and-technology"
"500+","吕梁学院","Lyuliang University","","luliang-university"
"500+","萍乡学院","Pingxiang University","","pingxiang-university"
"500+","普洱学院","Puer University","","puer-university"
"500+","山东农业工程学院","Shandong Agriculture and Engineering University","","shandong-agriculture-and-engineering-university"
"500+","山东青年政治学院","Shandong Youth University of Political Science","","shandong-youth-university-of-political-science"
"500+","山东石油化工学院","SHANDONG INSTITUTE OF PETROLEUM AND CHEMICAL TECHNOLOGY","","shengli-college-china-university-of-petroleum"
"500+","商洛学院","Shangluo University","","shangluo-university"
"500+","山西电子科技学院","Modern College of Humanities and Sciences of Shanxi Normal University","","modern-college-of-humanities-and-sciences-of-shanxi-normal-university"
"500+","山西工程技术学院","Shanxi Institute of Technology","","shanxi-institute-of-technology"
"500+","山西工学院","SHANXI COLLEGE OF TECHNOLOGY","","shanxi-college-of-technology"
"500+","山西科技学院","Huake College of Taiyuan University of Science and Technology","","huake-college-of-taiyuan-university-of-science-and-technology-1"
"500+","山西能源学院","Shanxi Institute of Energy","","shanxi-institute-of-energy"
"500+","陕西学前师范学院","Shaanxi Xueqian Normal University","","shaanxi-xueqian-normal-university"
"500+","四川民族学院","Sichuan Minzu College","","sichuan-university-for-nationalities"
"500+","四川文理学院","Sichuan University of Arts and Science","","sichuan-university-of-arts-and-science"
"500+","绥化学院","Suihua University","","suihua-university"
"500+","太原学院","Taiyuan University","","taiyuan-university"
"500+","泰州学院","Taizhou University","","taizhou-university-tzu"
"500+","唐山学院","Tangshan University","","tangshan-college"
"500+","天津中德应用技术大学","Tianjin Sino-German University of Applied Sciences","","tianjin-sino-german-university-of-applied-sciences"
"500+","文山学院","Wenshan University","","wenshan-university"
"500+","梧州学院","Wuzhou University","","wuzhou-university"
"500+","邢台学院","Xingtai University","","xingtai-university"
"500+","兴义民族师范学院","Xingyi Normal University for Nationalities","","xingyi-normal-university-for-nationalities"
"500+","新疆工程学院","Xinjiang Institute of Engineering","","xinjiang-institute-of-engineering"
"500+","新疆理工学院","Xinjiang Institute of Technology","","xinjiang-institute-of-technology"
"500+","新疆政法学院","Xinjiang Institute Of Political Science And Law","","college-of-science-technology-shihezi-university"
"500+","新余学院","Xinyu University","","xinyu-university"
"500+","忻州师范学院","Xinzhou Teachers University","","xinzhou-teachers-university"
"500+","运城学院","Yuncheng University","","yuncheng-university"
"500+","豫章师范学院","Yuzhang Normal University","","yuzhang-normal-university"
"500+","张家口学院","Zhangjiakou University","","zhangjiakou-university"
"500+","昭通学院","Zhaotong University","","zhaotong-university"
"500+","郑州工程技术学院","Zhengzhou University of Technology","","zhengzhou-institute-of-technology"
"500+","郑州师范学院","Zhengzhou Normal University","","zhengzhou-normal-university"
